route,origin,destination,annual_pax,weight,last_updated
BOM-DEL,BOM,DEL,6655927.0,0.170952,2026-09-03
BLR-DEL,BLR,DEL,4751748.0,0.122044,2026-09-03
BLR-BOM,BLR,BOM,4027388.0,0.10344,2026-09-03
CCU-DEL,CCU,DEL,2827969.0,0.072634,2026-09-03
DEL-MAA,DEL,MAA,2339365.0,0.060084,2026-09-03
BLR-HYD,BLR,HYD,2286576.0,0.058729,2026-09-03
DEL-GOI,DEL,GOI,2078571.0,0.053386,2026-09-03
AMD-DEL,AMD,DEL,1980000.0,0.050854,2026-09-03
DEL-HYD,DEL,HYD,1907143.0,0.048983,2026-09-03
BOM-GOI,BOM,GOI,1800000.0,0.046231,2026-09-03
BOM-MAA,BOM,MAA,1778571.0,0.045681,2026-09-03
DEL-SXR,DEL,SXR,1692857.0,0.043479,2026-09-03
BOM-COK,BOM,COK,1637143.0,0.042048,2026-09-03
BOM-CCU,BOM,CCU,1607143.0,0.041278,2026-09-03
BLR-CCU,BLR,CCU,1564286.0,0.040177,2026-09-03
